{
    "title": "datalakedeliverystream",
    "fields": "[{\"name\":\"sector.keyword\",\"type\":\"string\",\"count\":0,\"scripted\":false,\"indexed\":true,\"analyzed\":false,\"doc_values\":true,\"searchable\":true,\"aggregatable\":true},{\"name\":\"ticker_symbol\",\"type\":\"string\",\"count\":0,\"scripted\":false,\"indexed\":true,\"analyzed\":true,\"doc_values\":false,\"searchable\":true,\"aggregatable\":false},{\"name\":\"change\",\"type\":\"number\",\"count\":0,\"scripted\":false,\"indexed\":true,\"analyzed\":false,\"doc_values\":true,\"searchable\":true,\"aggregatable\":true},{\"name\":\"price\",\"type\":\"number\",\"count\":0,\"scripted\":false,\"indexed\":true,\"analyzed\":false,\"doc_values\":true,\"searchable\":true,\"aggregatable\":true},{\"name\":\"_source\",\"type\":\"_source\",\"count\":0,\"scripted\":false,\"indexed\":false,\"analyzed\":false,\"doc_values\":false,\"searchable\":false,\"aggregatable\":false},{\"name\":\"ticker_symbol.keyword\",\"type\":\"string\",\"count\":0,\"scripted\":false,\"indexed\":true,\"analyzed\":false,\"doc_values\":true,\"searchable\":true,\"aggregatable\":true},{\"name\":\"sector\",\"type\":\"string\",\"count\":0,\"scripted\":false,\"indexed\":true,\"analyzed\":true,\"doc_values\":false,\"searchable\":true,\"aggregatable\":false},{\"name\":\"_id\",\"type\":\"string\",\"count\":0,\"scripted\":false,\"indexed\":false,\"analyzed\":false,\"doc_values\":false,\"searchable\":false,\"aggregatable\":false},{\"name\":\"_type\",\"type\":\"string\",\"count\":0,\"scripted\":false,\"indexed\":false,\"analyzed\":false,\"doc_values\":false,\"searchable\":true,\"aggregatable\":true},{\"name\":\"_index\",\"type\":\"string\",\"count\":0,\"scripted\":false,\"indexed\":false,\"analyzed\":false,\"doc_values\":false,\"searchable\":false,\"aggregatable\":false},{\"name\":\"_score\",\"type\":\"number\",\"count\":0,\"scripted\":false,\"indexed\":false,\"analyzed\":false,\"doc_values\":false,\"searchable\":false,\"aggregatable\":false}]"
}